<songs>
  <song name="loop_ThisCityisKillingMe">
    <title>Dusty Brown - This City is Killing Me</title>
    <source>https://www.youtube.com/watch?v=hVxR94kSKPc</source>
    <rhythm>o..:.:o.x...x...o.:.:.:.x.:.:.:.o.:.-.o.x...x.:.o...o...x...x...o..:.:o.x...x...o.+..o..x.:...o.o+.x-.o.x.x..x..o...x.:.:...:...o..:.:o.x...x...o.:.:.:.x.:.:.:.o.:.-.o.x...o.:.o.:.:.:.:...-+..o.:....x....o...o---x-.-x.....:.o...-.o.x...o.:.o...o.:.o...:.:.</rhythm>
  </song>
  
  <song name="loop_Daymanstep">
    <title>Joman - Daymanstep</title>
    <source>http://www.youtube.com/watch?v=JiKxNI7_5dc</source>
    <rhythm>+.......o...............x.............o.o.............+.x..+.x..+.x...+.x...............x.............o.o.............+.o..+.o..+.o...+.o...............x.............o.o.............+.x..+.x..+.x...+.x.............o.x.............o.o.............+.o..+.o..+.o...+.o...............x.............o.o.............+.x..+.x..+.x...+.x...............x.............o.o.............+.o..+.o..+.o...+.o...............x.............o.o.............+.x..+.x..+.x...+.o....o....o.....o....o....o.....o.o..o..o.o..o..o.......</rhythm>
  </song>
  
  <song name="loop_Windowlicker">
    <title>Aphex Twin - Windowlicker</title>
    <source>https://www.youtube.com/watch?v=UBS4Gi1y_nc&t=8m16s</source>
    <rhythm>o...x.....o.x.......x..xo...x...o.x.x.o..o..x.....o.x.o..o..x...o...x.....o.x.......x..xo...x...o...x....o..x.....o.x....o..x...o...x.....o.x.......x..xo...x...o...x....o..x.....o.x....o..x...o...x.....o.x.......x..xo...x...o...x.o..o..x.....o.x.o..o..x...</rhythm>
  </song>
  
  <song name="loop_BlueMazda323">
    <title>Geir Tjelta - blue mazda 323</title>
    <source>https://www.youtube.com/watch?v=_lXb8tVy2OA</source>
    <rhythm>o..ox..o..o.x...o..ox..o..o.x...o..ox..o..o.x...o..ox..o..o.x...oo..x..o....x...o...xo.o....x...oo..x..o....x...o...xo.o....x...oo..x..o....x...o...xo.o....x...oo..x..o....x...o...xo.o....x...oo..x..o....x...o...xo.o....x...oo..x..o....x...o...xo.o....x...</rhythm>
  </song>
  
  <song name="loop_Roses">
    <title>Outkast - Roses</title>
    <source>https://www.youtube.com/watch?v=vyAE0SijepA</source>
    <rhythm>o...x...o.o.x.o.....x...o.o.x.o.o...x...o.o.x.o.....x..oo.o.x...o...x...o.o.x...o...x...o.o.x...o...x...o.o.x.o.....x...x.o.x...</rhythm>
  </song>
  
  <song name="loop_YumeNikkiMegaMix">
    <title>Madotsuki1997 - Yume Nikki Mega Mix</title>
    <source>https://www.youtube.com/watch?v=arg-mKO6pv8</source>
    <rhythm>o...x.....o.x...o...x.....o.x..xo.o.x.....o.x...o...x....xo.x.oxo...x.....o.x...o...x.....o.x.oxo...x..xo.o.x...o...x....xo.xxxxo...x.....o.x...o...x.....o.x..xo.o.x.....o.x...o.--x.----o-x.--o...x.....o.x...o...x.....o.o.xxo...x.o.o.o.x...+...........o.x.o...x.....o.x...o...x.....o.x..xo.o.x.....o.x...o...x....xo.x.oxo...x.....o.x...o...x.....o.x.oxo...x..xo.o.x...o...x....xo.xxxxo...x.....o.x...o...x.....o.x..xo.o.x.....o.x...o...x....xo.x.x.o...x.....o.x...o...x.....o.o.xxo...x.o.o.o.x...o...x....xxxxxxx</rhythm>
  </song>
  
  <song name="loop_ZielderHydra">
    <title>Taku Iwasaki - 17 Ziel der Hydra</title>
    <source>https://www.youtube.com/watch?v=PzNvQDgFuHw</source>
    <rhythm>+..............................................................................................................................................................o...o...o...o...x............o.o.o...o...o...o...-.-.-.-.-.-.-.-.o...............x...............o...............x...............o.:.:.:.:.:.o.:.+...........o...o.:.:.:.:.:.o.:.+...........-...o.:.:.:.:.:.o.:.x.:.:.-.x.....--o.o.o.o.o.o.o.o.o.o.o.o.o.o.o.o.o...........o...x...........o...o...........o...-----...-----...o.o.o.o.o.o.o.o.o.o.o.o.o.o.o.o.o.o.o.o.o.o.o.o.x.x.x.|x|x|x|x|x</rhythm>
  </song>
</songs>