<songs>
  <song name="new_wii_loop">
    <title>Nicky Flowers - Wii Shop Channel (Remix)</title>
    <source>https://soundcloud.com/nicky-flowers/wii-shop-channel-remix</source>
    <rhythm>O...-...X.*.:.*.O.*.-...X...-.-.o...:...x...:.*.o.*.:...x...:.-.O...-...X.*.:.*.O.*.-...X...-.-.o...:...x...:.*.o.*.:...x...:.-.O...-...X.*.:.*.O.*.-...X...-.-.o...:...x...:.*.o.*.:...x...:.-.O...-...X.*.:.*.O.*.-...X...-.-.o...:...x...:.*.o.*.:...x...:.-.o...s...X...:...o...s...X...:.:.o...s...X...:...o.:.s...X...:.:.o...s...X...:...o...s...X...:.:.o...s...X...:...o...s...X...:.:.o...+...x...:.*.o.*.+...x...:.-.o...+...x...:.*.o.*.+...x...:.-.o...~...x...:...o...~...x...:.:.o...~...x...:...o...~...x...:.:.O...-...X.*.:.*.O.*.-...X...-.-.o...:...x...:.*.o.*.:...x...:.-.O...-...X.*.:.*.O.*.-...X...-.-.o...:...x...:.*.o.*.:...x...:.-.O...-...X.*.:.*.O.*.-...X...-.-.o...:...x...:.*.o.*.:...x...:.-.O...-...X.*.:.*.O.*.-...X...-.-.o...:...x...:.*.o.*.:...x...:.-.I...:...x...:...o...:...x...:.:.I...:...x...:...o...:...x...:.:.I...:...x...:...o...:...x...:.:.I...:...x...:...o...:...x...:.:.o...-...x.*.:.*.o.*.-...x...-.-.O...:...X...:.*.O.*.:...X...:.-.o...-...x.*.:.*.o.*.-...x...-.-.+.......I.~.....i.|.|.|.|..|..|.</rhythm>
    <buildup>new_wii_build</buildup>
    <buildupRhythm>|.|||.||.|..|+..|.|||..|..|||+..</buildupRhythm>
    <independentBuild>true</independentBuild>
  </song>
</songs>
