<songs>
  <song name="gazer_loop">
    <title>future gazer (kmsn_UKHC_remix)</title>
    <source>https://soundcloud.com/kmsn_btlg/oneesama</source>
    <rhythm>o...-...x...-...o~......x...-...o...-...x...-...o~......x...-...o~......x.......o...-...x...-...o~......x...i...i~......X.......o...-...x...-...o~......x...-...o...-...x...-...o~......x...-...o~......x.......o...-...x...-...o~......x...-...o~......i)......I~......X~......o.......x...-...o....-..X...-...o~......x...-...o~......x~......o...-...x...-...o....-..X...-...o~......X.......o....-..X...-...o~......X...-.-.o.....-.X....-..o~......x...-...o~......X...-.-.o...-...x..-....o....-..X...-...o~......X~......-+-+..-+-+..-+-+..-+-+.)-------+o.....-.X...-...o~......X~...-..o...-...X...-...o~......X~......o...-...x...-...o.-.....x...i~..i~....-.X...-...o~......X~...-..o.....-.X...-...o~......X~...-..o....-..X...-...o~......x...-...o...-.-.X.......o...-.-.X~......o..-..-.X...-...o...-...I.i.i.i.o.....-.X...-...o~......X~...-..o....-..X...-...o~......X~..-...o...-...x...-...o.-.....x...i~..i~....-.X...-...o~......X~...-..o.....-.X...-...o~......X~...-..o....-..X...-...o~......x...-...o...-.-.X.......o...-.-.X~......o...-.-.X...-...o...-...I-------I.......x~......o~......x~......o.......x.......o.......x.......o.......x.......o.......x.......o.......x.......o.......x.......o.......x.......o.......x.......o.......x.......o.......x.......o.......x.......o.......x.......o.......x.......o.......x.......o.......x.......o.......x.......o.......x.......o.......x.......o.......x.......o.......x.......o.......x.......o.......x.......o.......x.......o.......x.......o.......x.......o.......x.......o.......x.......o.......x.......o.......x.......o.......x.......</rhythm>
    <buildup>gazer_build</buildup>
    <buildupRhythm>+...-..+..-..+..-..+..-..+..-..+....-..+..-..+..-..+..-..+..-..+....-..+..-..+..-..+..-..+..-..+....-..+..-..+..-..+..-..+..-..+....-..+..-..+..-..+..-..+..-..+....-..+..-..+..-..+..-..+..-..+....-..+..-..+..-..+..-..+..-..+....-..+..-..+..-..+..-..+..-..+....-..+....-..+....-..+....-..+....-..+....-..+....-..+....-..+....-..+....-..+....-..+....-..+....-..+....-..+....-..+....-..+....-..+....-..+....-..+....-..+....-.+.-.+.-.+.-.+.-.+.-.+.-.+.-.+.-.-.-.-.-.-.-.-.-.-.-.-.-.-.-.-.+......................)------..o.......x.......o.......x.......o.......x.......o.......x.......o.......x.......o.......x.......o.......x.......o.......x.......o.......x.......o.......x.......o.......x.......o.......x.......o.......x.......o.......x.......o.......x.......o.......x.......o.......x.......o.......x.......o.......x.......o.......x.......o.......x.......o.......x.......o.......x.......o.......x.......o.......x.......o.......x.......o.......x.......o.......x.......o.......x.......o.......x.......o.......x.......o.......x.......</buildupRhythm>
  </song>
</songs>
