<songs>
  <song name="drop it_loop">
    <title>Sporty-O - Let Me Hit It (Audiostalkers Mix)</title>
    <source>https://www.youtube.com/watch?v=X3oOQ8XnQWU</source>
    <rhythm>(.......(.......(.......(.......-.+.-.+.-.+.-.+.-.+.-.+.-.+.-.+.(.......(.......(.......(.......|.|.|.|.|.|.|.|.|.|.|.|.|.|.|.|.(.......(.......(.......(.......-.+.-.+.-.+.-.+.-.+.-.+.-.+.-.+.(.......(.......(.......(.......|.|.|.|.|.|.|.|.I.~.....=......i(.......(.......(.......(.......-.+.-.+.-.+.-.+.-.+.-.+.-.+.-.+.(.......(.......(.......(.......|.|.|.|.|.|.|.|.|.|.|.|.|.|.|.|.(.......(.......(.......(.......-.+.-.+.-.+.-.+.-.+.-.+.-.+.-.+.(.......(.......(.......(.......|..|.|..|..|.|..|..|.|..|..|.|..</rhythm>
    <buildup>drop it_build</buildup>
    <buildupRhythm>+.......x...x...</buildupRhythm>
  </song>
</songs>
