<songs>
  <song name="milkshake_loop">
    <title>Meganeko - Milkshake</title>
    <source>https://www.youtube.com/watch?v=QPIFxzXe5CA</source>
    <rhythm>o~......x:..=...O~......x...=...O~......x.:.:.:.O.---...x...:...o...:.:.x~......o~......x.:.:.:.o...:...x...:.:.o.:.:.:.x.:.:.:.o~......x~..=...O~......x~..=...O~......x.:.:.:.o...:...x...:.:.o~......x...:.:.o...:.:.x...:.:.o...:.:.x.-.-.-:o.---...x...-.:.</rhythm>
    <buildup>milkshake_build</buildup>
    <buildupRhythm>o...:.:.o...:.:.o...:.:.o...:.:.o...:.:.o.-.-.-=..---...o.x.o...</buildupRhythm>
  </song>
</songs>
