<songs>
  <song name="loop_TriggerHappy">
    <title>P*Light - TRIGGER HAPPY</title>
    <source>interwebs</source>
    <rhythm>x.......-.......x...-.......(...x.......-.......x.......-.......x.......-.......x...-.......(...x.......-...-...x...-...-.......x.......-.......x...-.......(...x.......-.......x.......-.......x...-...-...-...x...-...-...-...x...-...-...-...x(~.............x.......-.......x...-.......(...x.......-.......x.......-.......x.......-.......x...-.......(...x.......-...-...x...-...-.......x.......-.......x...-.......-~..x.......x.......x.......x.......x.......-...-...x.......x.......x~..............xxxxxxxxxxxxxxxxx.......-.......x...-.......(...x.......-.......x.......-.......x.......-.......x...-.......(...x.......-...-...x...-...-.......x.......-.......x...-.......(...x.......-.......x.......-.......x...-...-...-...x...-...-...-...x...-...-...-...x(~.............x.......-.......x...-.......(...x.......-.......x.......x.......x.......-...-...-.......-...-...x.......-.......xxxxxxxxxxxxxxxxx.......x.......x...-...x...-...x...x...x...x...xxxxxxxxxxxxxxxxx.......-.......-.......-.......x~..............o...............x...............x.......x................x...............x~.....................................................)...............x.......o.......x...x...o.......x...o...x...o...x~..............-...............-...............-...............o~..............</rhythm>
    <buildup>buildup_TriggerHappy</buildup>
    <buildupRhythm>x.......:...............x.......:...............O.......X...O...x.......:...............x.......O.......o.......x...O...o...O...x.......:...............x.......:...............O.......X...O...x.......:.......o.......x.......x...............xXXXXXXX(OOOOOOOx.......:.......o.......:.......x...............x.......X...O...o.......:.......x.......O...O...x.......o...:...x.......o.......x.......x.......x.......x.......x...x...x...x...xxxxxxxxxxxxxxxxx.......:.......:.......:.......-~..............+...............</buildupRhythm>
    <independentBuild>true</independentBuild>
  </song>
</songs>