<songs>
  <song name="shelter_loop">
    <title>Porter Robinson & Madeon - Shelter</title>
    <source>https://www.youtube.com/watch?v=fzQ6gRAEoy0</source>
    <rhythm>o.......x.:...:.o.......x...i...I.......x.:...:.o.......x...:...o.......x.:...:.o.......x...i...I..:..:.x..:..:.o.x:..:.x.o:..:.o.......x.:...:.o.......x...i...I.......x.:...:.o.......x...i...I.......x.:...:.o.......x...i...I..:..:.x..:..:.o.x:..:.|||.|.|.</rhythm>
    <buildup>shelter_build</buildup>
    <buildupRhythm>o.:.:.:.x.:.:.:.o.:.:.:.x.:.:.:.o.:.:.:.x.:.:.:.o.:.:.:.x.:.:.:.o.:.:.:.x.:.:.:.o.:.:.:.x.:.:.:.o.:.:.:.x.:.:.:.o.:.:.:.x.:.:.:.o.:.:.:.x.:.:.:.o.:.:.:.x.:.:.:.o.:.:.:.x.:.:.:.o.:.:.:.x.:.:.:.o.:.:.:.x.:.:.:.o.:.:.:.x.:.:.:.-+.-+.-+-+.-+.-+-+.-+.-+|.|.|.|.</buildupRhythm>
  </song>
</songs>
